{
    "schemaVersion": 1,
    "tier": "Trainer",
    "policyId": "trainer-20260406T104159191Z",
    "source": "trained",
    "mutationGeneration": 1,
    "decisionIntervalSeconds": 0.17514893412590028,
    "reactionSeconds": 0.19524690508842469,
    "minActionSpacingSeconds": 0.17909134924411775,
    "optimalRange": 1.7517082691192628,
    "rangeTolerance": 0.4931810200214386,
    "closeRange": 0.9719568490982056,
    "threatRange": 1.6815885305404664,
    "aggression": 0.3559894561767578,
    "approachBias": 0.691193699836731,
    "retreatBias": 0.21020597219467164,
    "pressureBias": 0.19160088896751405,
    "punishBias": 0.4265817105770111,
    "lowHealthDefenseBias": 0.4036751389503479,
    "randomness": 0.24942682683467866,
    "blockLikelihood": 0.4913142919540405,
    "dodgeLikelihood": 0.0,
    "minBlockHoldSeconds": 0.07412209361791611,
    "maxBlockHoldSeconds": 0.34616392850875857,
    "heavyAttackBias": 0.0,
    "specialAttackBias": 0.33858945965766909,
    "jumpLikelihood": 0.0,
    "crouchLikelihood": 0.11861670762300492,
    "comboBias": 0.2371821254491806
}