{
    "schemaVersion": 1,
    "tier": "Dummy",
    "policyId": "dummy-20260406T104159193Z",
    "source": "trained",
    "mutationGeneration": 1,
    "decisionIntervalSeconds": 0.36313557624816897,
    "reactionSeconds": 0.4125129282474518,
    "minActionSpacingSeconds": 0.35406994819641116,
    "optimalRange": 1.7169040441513062,
    "rangeTolerance": 0.5507198572158814,
    "closeRange": 0.9848001599311829,
    "threatRange": 1.481757402420044,
    "aggression": 0.09283434599637985,
    "approachBias": 0.08272909373044968,
    "retreatBias": 0.33149293065071108,
    "pressureBias": 0.23303890228271485,
    "punishBias": 0.2401340901851654,
    "lowHealthDefenseBias": 0.466505229473114,
    "randomness": 0.6048644185066223,
    "blockLikelihood": 0.5005070567131043,
    "dodgeLikelihood": 0.08399681746959686,
    "minBlockHoldSeconds": 0.14045733213424684,
    "maxBlockHoldSeconds": 0.16603469848632813,
    "heavyAttackBias": 0.4031151533126831,
    "specialAttackBias": 0.0,
    "jumpLikelihood": 0.4473596513271332,
    "crouchLikelihood": 0.20900608599185944,
    "comboBias": 0.0
}