{
    "schemaVersion": 1,
    "tier": "Extreme",
    "policyId": "extreme-20260406T104159178Z",
    "source": "trained",
    "mutationGeneration": 1,
    "decisionIntervalSeconds": 0.09512501209974289,
    "reactionSeconds": 0.04890719801187515,
    "minActionSpacingSeconds": 0.0938667580485344,
    "optimalRange": 1.5767264366149903,
    "rangeTolerance": 0.33767572045326235,
    "closeRange": 1.0612016916275025,
    "threatRange": 2.0186619758605959,
    "aggression": 0.710527777671814,
    "approachBias": 1.0,
    "retreatBias": 0.32263413071632388,
    "pressureBias": 1.0,
    "punishBias": 1.0,
    "lowHealthDefenseBias": 0.866203248500824,
    "randomness": 0.2849400043487549,
    "blockLikelihood": 0.7500944137573242,
    "dodgeLikelihood": 0.2950465977191925,
    "minBlockHoldSeconds": 0.21202793717384339,
    "maxBlockHoldSeconds": 0.43616190552711489,
    "heavyAttackBias": 0.1350456029176712,
    "specialAttackBias": 0.3975119888782501,
    "jumpLikelihood": 0.1964687556028366,
    "crouchLikelihood": 0.0,
    "comboBias": 0.857222855091095
}